{"cameraMode":{"drawMode":0,"name":"Shaded","section":"Shading Mode"},"sceneLighting":true,"audioPlay":false,"sceneViewState":{"showFog":true,"showMaterialUpdate":false,"showSkybox":true,"showFlares":true,"showImageEffects":true,"showParticleSystems":true},"in2DMode":false,"pivot":{"x":532.3709716796875,"y":5.401672840118408,"z":491.83056640625},"rotation":{"x":0.00517869321629405,"y":0.500167965888977,"z":0.0030303681269288065,"w":-0.8659259080886841},"size":1.008669376373291,"orthographic":false}