{"cameraMode":{"drawMode":0,"name":"Shaded","section":"Shading Mode"},"sceneLighting":true,"audioPlay":false,"sceneViewState":{"showFog":true,"showMaterialUpdate":false,"showSkybox":true,"showFlares":true,"showImageEffects":true,"showParticleSystems":true},"in2DMode":false,"pivot":{"x":526.0831298828125,"y":3.691983699798584,"z":473.84674072265627},"rotation":{"x":0.055597010999917987,"y":0.9439820051193237,"z":-0.2445577085018158,"w":0.21456171572208405},"size":7.886559009552002,"orthographic":false}